file,product_id,confidence
aachi-appalam.jpg,g1-p0541,1.0
aachi-appalam.png,g1-p0541,1.0
aachi-chilli.jpg,g1-p0066,1.0
aachi-chilli.jpg,g1-p1001,1.0
aachi-chilli.png,g1-p0066,1.0
aachi-chilli.png,g1-p1001,1.0
aashirvaad-atta-1kg.jpg,g1-p0440,1.0
aashirvaad-atta-1kg.png,g1-p0440,1.0
aashirvaad-atta.jpg,g1-p0440,1.0
aashirvaad-atta.png,g1-p0440,1.0
aashirvaad-crystal-salt.jpg,g1-p0482,1.0
aashirvaad-crystal-salt.png,g1-p0482,1.0
aashirvaad-salt.jpg,g1-p0716,1.0
aashirvaad-salt.png,g1-p0716,1.0
aashirvaad-suji-rava.jpg,g1-p0457,1.0
aashirvaad-suji-rava.jpg,g1-p0859,1.0
aashirvaad-suji-rava.png,g1-p0457,1.0
aashirvaad-suji-rava.png,g1-p0859,1.0
ariel-front-liq.jpg,g1-p0036,1.0
ariel-front-liq.png,g1-p0036,1.0
arun-bites.jpg,g1-p0035,1.0
arun-donut.jpg,g1-p0043,1.0
arun-donut.png,g1-p0043,1.0
arun-icecream.jpg,g1-p0032,1.0
arun-icecream.png,g1-p0032,1.0
bingo-mad-angles.jpg,g1-p0862,1.0
britannia-bourbon.jpg,g1-p0781,1.0
britannia-bourbon.png,g1-p0781,1.0
bru-instant.jpg,g1-p0018,1.0
bru-instant.png,g1-p0018,1.0
cadbury-5-star.jpg,g1-p0746,1.0
cadbury-5-star.jpg,g1-p0747,1.0
cadbury-5-star.png,g1-p0746,1.0
cadbury-5-star.png,g1-p0747,1.0
cadbury-dairy-milk.jpg,g1-p0011,1.0
cadbury-dairy-milk.png,g1-p0011,1.0
cinthol-soap.jpg,g1-p0122,1.0
cinthol-soap.jpg,g1-p0024,1.0
cinthol-soap.png,g1-p0122,1.0
cinthol-soap.png,g1-p0024,1.0
cleaner-spray.jpg,g1-p0276,1.0
cleaner-spray.png,g1-p0276,1.0
close-up-toothpaste.jpg,g1-p0467,1.0
close-up-toothpaste.jpg,g1-p0544,1.0
close-up-toothpaste.png,g1-p0467,1.0
close-up-toothpaste.png,g1-p0544,1.0
coca-cola.jpg,g1-p0058,1.0
coca-cola.png,g1-p0058,1.0
colgate-toothpaste.jpg,g1-p0551,1.0
colgate-toothpaste.jpg,g1-p0534,1.0
colgate-toothpaste.png,g1-p0551,1.0
colgate-toothpaste.png,g1-p0534,1.0
corn-flakes.jpg,g1-p0016,1.0
corn-flakes.png,g1-p0016,1.0
curd-dahi.jpg,g1-p0022,1.0
curd-dahi.png,g1-p0022,1.0
dettol-soap.jpg,g1-p0023,1.0
dettol-soap.png,g1-p0023,1.0
dove-soap.jpg,g1-p0533,1.0
dove-soap.jpg,g1-p0848,1.0
dove-soap.png,g1-p0533,1.0
dove-soap.png,g1-p0848,1.0
exo-scrubber.jpg,g1-p0850,1.0
fortune-oil.jpg,g1-p0017,1.0
fortune-oil.jpg,g1-p0436,1.0
fortune-oil.png,g1-p0017,1.0
fortune-oil.png,g1-p0436,1.0
frooti.jpg,g1-p0020,1.0
frooti.png,g1-p0020,1.0
good-day.jpg,g1-p0061,1.0
good-day.png,g1-p0061,1.0
goodknight.jpg,g1-p0528,1.0
goodknight.png,g1-p0528,1.0
haldiram-khatta-meetha.jpg,g1-p0577,1.0
haldiram-khatta-meetha.png,g1-p0577,1.0
horlicks.jpg,g1-p0317,1.0
horlicks.png,g1-p0317,1.0
huggies.jpg,g1-p0105,1.0
huggies.jpg,g1-p0106,1.0
huggies.jpg,g1-p0107,1.0
huggies.png,g1-p0105,1.0
huggies.png,g1-p0106,1.0
huggies.png,g1-p0107,1.0
lalitha-idli-rava.jpg,g1-p0428,1.0
lalitha-idli-rava.png,g1-p0428,1.0
lifebuoy-soap.jpg,g1-p0714,1.0
lifebuoy-soap.jpg,g1-p0005,1.0
lifebuoy-soap.png,g1-p0714,1.0
lifebuoy-soap.png,g1-p0005,1.0
lux-soap.jpg,g1-p0522,1.0
lux-soap.jpg,g1-p0515,1.0
lux-soap.jpg,g1-p0525,1.0
lux-soap.png,g1-p0522,1.0
lux-soap.png,g1-p0515,1.0
lux-soap.png,g1-p0525,1.0
maggi-noodles.jpg,g1-p0273,1.0
maggi-noodles.png,g1-p0273,1.0
mixed-fruit-jam.jpg,g1-p0293,1.0
mixed-fruit-jam.png,g1-p0293,1.0
mysore-sandal-soap.jpg,g1-p0543,1.0
mysore-sandal-soap.jpg,g1-p0712,1.0
mysore-sandal-soap.png,g1-p0543,1.0
mysore-sandal-soap.png,g1-p0712,1.0
nestle-munch.jpg,g1-p0199,1.0
parachute-oil.jpg,g1-p0117,1.0
parachute-oil.jpg,g1-p0435,1.0
parachute-oil.png,g1-p0117,1.0
parachute-oil.png,g1-p0435,1.0
parle-g.jpg,g1-p0026,1.0
parle-g.png,g1-p0026,1.0
pears-soap.jpg,g1-p0007,1.0
pears-soap.png,g1-p0007,1.0
red-label-tea.jpg,g1-p0958,1.0
red-label-tea.png,g1-p0958,1.0
santoor-soap.jpg,g1-p0615,1.0
santoor-soap.jpg,g1-p0189,1.0
santoor-soap.png,g1-p0615,1.0
santoor-soap.png,g1-p0189,1.0
stayfree.jpg,g1-p0090,1.0
stayfree.png,g1-p0090,1.0
surf-excel.jpg,g1-p0332,1.0
surf-excel.jpg,g1-p0303,1.0
surf-excel.jpg,g1-p0304,1.0
surf-excel.png,g1-p0332,1.0
surf-excel.png,g1-p0303,1.0
surf-excel.png,g1-p0304,1.0
tata-salt.jpg,g1-p0202,1.0
tata-salt.jpg,g1-p0028,1.0
tata-salt.png,g1-p0202,1.0
tata-salt.png,g1-p0028,1.0
thums-up.jpg,g1-p0039,1.0
thums-up.png,g1-p0039,1.0
tomato-ketchup.jpg,g1-p0311,1.0
tomato-ketchup.jpg,g1-p0314,1.0
tomato-ketchup.png,g1-p0311,1.0
tomato-ketchup.png,g1-p0314,1.0
unibic-choco-ripple.jpg,g1-p0002,1.0
unibic-choco-ripple.png,g1-p0002,1.0
vim-bar.jpg,g1-p0425,1.0
vim-bar.jpg,g1-p0307,1.0
vim-bar.png,g1-p0425,1.0
vim-bar.png,g1-p0307,1.0
wagh-bakri-tea.jpg,g1-p0817,1.0
wagh-bakri-tea.jpg,g1-p0905,1.0
