product_id,source_item_no,image_source,imported_image_path,mrp_source,verification_status,timestamp,notes
g1-prod-002,2,Supabase Storage / Brand Pack,product-images/g1-prod-002/primary.jpg,Supplier Invoice / Manufacturer Pack,VERIFIED,2026-10-05T05:36:15.150760+00:00,Verified authentic Indian FMCG packaging. Deterministic Supabase Storage path.
g1-prod-004,4,Supabase Storage / Brand Pack,product-images/g1-prod-004/primary.jpg,Supplier Invoice / Manufacturer Pack,VERIFIED,2026-10-05T05:36:15.540524+00:00,Verified authentic Indian FMCG packaging. Deterministic Supabase Storage path.
g1-prod-005,5,Supabase Storage / Brand Pack,product-images/g1-prod-005/primary.jpg,Supplier Invoice / Manufacturer Pack,VERIFIED,2026-10-05T05:36:15.677341+00:00,Verified authentic Indian FMCG packaging. Deterministic Supabase Storage path.
g1-prod-006,6,Supabase Storage / Brand Pack,product-images/g1-prod-006/primary.jpg,Supplier Invoice / Manufacturer Pack,VERIFIED,2026-10-05T05:36:15.849500+00:00,Verified authentic Indian FMCG packaging. Deterministic Supabase Storage path.
g1-prod-007,7,Supabase Storage / Brand Pack,product-images/g1-prod-007/primary.jpg,Supplier Invoice / Manufacturer Pack,VERIFIED,2026-10-05T05:36:16.009298+00:00,Verified authentic Indian FMCG packaging. Deterministic Supabase Storage path.
g1-prod-008,8,Supabase Storage / Brand Pack,product-images/g1-prod-008/primary.jpg,Supplier Invoice / Manufacturer Pack,VERIFIED,2026-10-05T05:36:16.166621+00:00,Verified authentic Indian FMCG packaging. Deterministic Supabase Storage path.
g1-prod-009,9,Supabase Storage / Brand Pack,product-images/g1-prod-009/primary.jpg,Supplier Invoice / Manufacturer Pack,VERIFIED,2026-10-05T05:36:16.304974+00:00,Verified authentic Indian FMCG packaging. Deterministic Supabase Storage path.
g1-prod-010,10,Supabase Storage / Brand Pack,product-images/g1-prod-010/primary.jpg,Supplier Invoice / Manufacturer Pack,VERIFIED,2026-10-05T05:36:16.443364+00:00,Verified authentic Indian FMCG packaging. Deterministic Supabase Storage path.
g1-prod-011,11,Supabase Storage / Brand Pack,product-images/g1-prod-011/primary.jpg,Supplier Invoice / Manufacturer Pack,VERIFIED,2026-10-05T05:36:16.613735+00:00,Verified authentic Indian FMCG packaging. Deterministic Supabase Storage path.
g1-prod-012,12,Supabase Storage / Brand Pack,product-images/g1-prod-012/primary.jpg,Supplier Invoice / Manufacturer Pack,VERIFIED,2026-10-05T05:36:16.770734+00:00,Verified authentic Indian FMCG packaging. Deterministic Supabase Storage path.
g1-prod-013,13,Supabase Storage / Brand Pack,product-images/g1-prod-013/primary.jpg,Supplier Invoice / Manufacturer Pack,VERIFIED,2026-10-05T05:36:16.917974+00:00,Verified authentic Indian FMCG packaging. Deterministic Supabase Storage path.
g1-prod-014,14,Supabase Storage / Brand Pack,product-images/g1-prod-014/primary.jpg,Supplier Invoice / Manufacturer Pack,VERIFIED,2026-10-05T05:36:17.063778+00:00,Verified authentic Indian FMCG packaging. Deterministic Supabase Storage path.
g1-prod-016,16,Supabase Storage / Brand Pack,product-images/g1-prod-016/primary.jpg,Supplier Invoice / Manufacturer Pack,VERIFIED,2026-10-05T05:36:17.385923+00:00,Verified authentic Indian FMCG packaging. Deterministic Supabase Storage path.
g1-prod-018,18,Supabase Storage / Brand Pack,product-images/g1-prod-018/primary.jpg,Supplier Invoice / Manufacturer Pack,VERIFIED,2026-10-05T05:36:17.650186+00:00,Verified authentic Indian FMCG packaging. Deterministic Supabase Storage path.
g1-prod-019,19,Supabase Storage / Brand Pack,product-images/g1-prod-019/primary.jpg,Supplier Invoice / Manufacturer Pack,VERIFIED,2026-10-05T05:36:17.792068+00:00,Verified authentic Indian FMCG packaging. Deterministic Supabase Storage path.
g1-prod-020,20,Supabase Storage / Brand Pack,product-images/g1-prod-020/primary.jpg,Supplier Invoice / Manufacturer Pack,VERIFIED,2026-10-05T05:36:17.917610+00:00,Verified authentic Indian FMCG packaging. Deterministic Supabase Storage path.
g1-prod-022,22,Supabase Storage / Brand Pack,product-images/g1-prod-022/primary.jpg,Supplier Invoice / Manufacturer Pack,VERIFIED,2026-10-05T05:36:18.233277+00:00,Verified authentic Indian FMCG packaging. Deterministic Supabase Storage path.
g1-prod-042,42,Supabase Storage / Brand Pack,product-images/g1-prod-042/primary.jpg,Supplier Invoice / Manufacturer Pack,VERIFIED,2026-10-05T05:36:21.406416+00:00,Verified authentic Indian FMCG packaging. Deterministic Supabase Storage path.
g1-prod-049,49,Supabase Storage / Brand Pack,product-images/g1-prod-049/primary.jpg,Supplier Invoice / Manufacturer Pack,VERIFIED,2026-10-05T05:36:22.474908+00:00,Verified authentic Indian FMCG packaging. Deterministic Supabase Storage path.
g1-prod-053,53,Supabase Storage / Brand Pack,product-images/g1-prod-053/primary.jpg,Supplier Invoice / Manufacturer Pack,VERIFIED,2026-10-05T05:36:23.109121+00:00,Verified authentic Indian FMCG packaging. Deterministic Supabase Storage path.
g1-prod-054,54,Supabase Storage / Brand Pack,product-images/g1-prod-054/primary.jpg,Supplier Invoice / Manufacturer Pack,VERIFIED,2026-10-05T05:36:23.253986+00:00,Verified authentic Indian FMCG packaging. Deterministic Supabase Storage path.
g1-prod-055,55,Supabase Storage / Brand Pack,product-images/g1-prod-055/primary.jpg,Supplier Invoice / Manufacturer Pack,VERIFIED,2026-10-05T05:36:23.414032+00:00,Verified authentic Indian FMCG packaging. Deterministic Supabase Storage path.
g1-prod-061,61,Supabase Storage / Brand Pack,product-images/g1-prod-061/primary.jpg,Supplier Invoice / Manufacturer Pack,VERIFIED,2026-10-05T05:36:24.369424+00:00,Verified authentic Indian FMCG packaging. Deterministic Supabase Storage path.
g1-prod-064,64,Supabase Storage / Brand Pack,product-images/g1-prod-064/primary.jpg,Supplier Invoice / Manufacturer Pack,VERIFIED,2026-10-05T05:36:25.300080+00:00,Verified authentic Indian FMCG packaging. Deterministic Supabase Storage path.
g1-prod-068,68,Supabase Storage / Brand Pack,product-images/g1-prod-068/primary.jpg,Supplier Invoice / Manufacturer Pack,VERIFIED,2026-10-05T05:36:25.967645+00:00,Verified authentic Indian FMCG packaging. Deterministic Supabase Storage path.
g1-prod-071,71,Supabase Storage / Brand Pack,product-images/g1-prod-071/primary.jpg,Supplier Invoice / Manufacturer Pack,VERIFIED,2026-10-05T05:36:26.506196+00:00,Verified authentic Indian FMCG packaging. Deterministic Supabase Storage path.
g1-prod-101,101,Supabase Storage / Brand Pack,product-images/g1-prod-101/primary.jpg,Supplier Invoice / Manufacturer Pack,VERIFIED,2026-10-05T05:36:31.649105+00:00,Verified authentic Indian FMCG packaging. Deterministic Supabase Storage path.
g1-prod-407,407,Supabase Storage / Brand Pack,product-images/g1-prod-407/primary.jpg,Supplier Invoice / Manufacturer Pack,VERIFIED,2026-10-05T05:37:34.105931+00:00,Verified authentic Indian FMCG packaging. Deterministic Supabase Storage path.
g1-prod-460,460,Supabase Storage / Brand Pack,product-images/g1-prod-460/primary.jpg,Supplier Invoice / Manufacturer Pack,VERIFIED,2026-10-05T05:37:55.851415+00:00,Verified authentic Indian FMCG packaging. Deterministic Supabase Storage path.
